engineID,name,URL,Vertical,VerticalID,Description,Description Source,Note
FW14-e001,arXiv.org,http://arxiv.org,Academic,FW14-v004,"arXiv is an open-access repository of electronic preprints and postprints (known as e-prints) approved for posting after moderation, but not peer review. It consists of scientific papers in the fields of mathematics, physics, astronomy, electrical engineering, computer science, quantitative biology, statistics, mathematical finance and economics, which can be accessed online.",Wikipedia,
FW14-e002,CCSB,http://liinwww.ira.uka.de,Academic,FW14-v004,"The Collection of Computer Science Bibliographies (1993–2023) was one of the oldest (if not the oldest) bibliography collections freely accessible on the Internet. As of July 2023 it ceased operations. It is a collection of bibliographies of scientific literature in computer science and (computational) mathematics from various sources, covering most aspects of computer science. The bibliographies are updated weekly from their original locations.",Wikipedia,
FW14-e003,CERN Documents,http://cdsweb.cern.ch,Academic,FW14-v004,"CERN Document Server is a database of full-text scientific papers (journal articles, books and conferences, presentations and oral presentations, periodicals and reports, multimedia (audio, video, photo, TV, etc.) and public presentations of experiments, institution archives scientific) and preprints (prepublications), managed by the European Center for Nuclear Physics in Geneva. It contains 800 thousand works (documents), including 360 thousand full text.",Wikipedia,Translated using Google Scholar
FW14-e004,CiteSeerX,http://citeseerx.ist.psu.edu,Academic,FW14-v004,"CiteSeerX (formerly called CiteSeer) is a public search engine and digital library for scientific and academic papers, primarily in the fields of computer and information science. CiteSeer freely provided Open Archives Initiative metadata of all indexed documents and links indexed documents when possible to other sources of metadata such as DBLP and the ACM Portal. CiteSeer is considered as a predecessor of academic search tools such as Google Scholar and Microsoft Academic Search. CiteSeer-like engines and archives usually only harvest documents from publicly available websites and do not crawl publisher websites. For this reason, authors whose documents are freely available are more likely to be represented in the index.",Wikipedia,
FW14-e005,CiteULike,http://www.citeulike.org,Academic,FW14-v004,"CiteULike was a web service which allowed users to save and share citations to academic papers. Based on the principle of social bookmarking, the site worked to promote and to develop the sharing of scientific references amongst researchers.",Wikipedia,
FW14-e007,eScholarship,http://escholarship.org,Academic,FW14-v004,"eScholarship is a suite of open access scholarly publishing services and research tools that enable UC departments, research units, publishing programs, and individual scholars to have direct control over the creation and dissemination of their scholarship. Currently, the repository houses over 200,000 scholarly works from 10 major disciplines: Social and Behavioral Sciences, Life Sciences, Physical Sciences and Mathematics, Engineering, Medicine and Health Sciences, Arts and Humanities, Education, Law, Business, and Architecture.",Wikipedia,https://en.wikipedia.org/wiki/California_Digital_Library#Access_&_Publishing_Services
FW14-e008,KFUPM ePrints,http://eprints.kfupm.edu.sa,Academic,FW14-v004,King Fahd University of Petroleum and Minerals Thesis Repository.,Website URL,
FW14-e009,MPRA,http://mpra.ub.uni-muenchen.de,Academic,FW14-v004,"Munich Personal RePEc Archive contains 57547 records and is intended to disseminate research papers of economists who want to make their work freely available through the RePEc network but are not affiliated with any institution that provides that furtherance. The work will be made available through EconPapers, Ideas and other services.",Website URL,
FW14-e010,MS Academic,http://academic.research.microsoft.com,Academic,FW14-v004,Microsoft Academic Search was a research project and academic search engine retired in 2012. It relaunched in 2016 as Academic. ,Wikipedia,
FW14-e011,Nature,http://www.nature.com,Academic,FW14-v004,"Nature is a British weekly scientific journal founded and based in London, England. As a multidisciplinary publication, Nature features peer-reviewed research from a variety of academic disciplines, mainly in science and technology.",Wikipedia,
FW14-e012,Organic Eprints,http://orgprints.org,Academic,FW14-v004,"Organic Eprints is an international open access archive for papers and projects related to research in organic food and farming. The archive contains full-text papers in electronic form together with bibliographic information, abstracts and other metadata. It also offers information on organisations, projects and facilities in the context of organic farming research",Website URL,
FW14-e013,SpringerLink,http://www.springerlink.com,Academic,FW14-v004,"Providing access to millions of research articles and chapters from Science, Technology and Medicine, and Humanities and Social Sciences.",Google snippet,https://www.google.com/search?q=springerlink&sca_esv=595895911&sxsrf=AM9HkKk43ucBCg66dLv-Ws9hqwe8zaGr1A%3A1704441282942&ei=wrWXZdCPOdmSvr0PqcCqoAU&ved=0ahUKEwjQ-NbJ4sWDAxVZia8BHSmgClQQ4dUDCBA&uact=5&oq=springerlink&gs_lp=Egxnd3Mtd2l6LXNlcnAiDHNwcmluZ2VybGluazIKEAAYRxjWBBiwAzIKEAAYRxjWBBiwAzIKEAAYRxjWBBiwAzIKEAAYRxjWBBiwAzIKEAAYRxjWBBiwAzIKEAAYRxjWBBiwAzIKEAAYRxjWBBiwAzIKEAAYRxjWBBiwA0iVB1CdBFiqBXABeAGQAQCYAdkCoAHZAqoBAzMtMbgBA8gBAPgBAeIDBBgAIEGIBgGQBgg&sclient=gws-wiz-serp
FW14-e014,U. Twente,http://doc.utwente.nl,Academic,FW14-v004,"We use this website to showcase our research output, information about researchers, activities, press/media, prizes and research units at the University of Twente (UT). The University of Twente is a modern, entrepreneurial university, leading in the area of new technologies and a catalyst for change, innovation and progress in society. We work on the technologies of the future (ICT, biotechnology, nanotechnology), combining technological knowledge and innovation with behavioural and social academic research. Our strength lies in the combination of excellent science, entrepreneurship and international orientation. Our researchers focus on themes with a large societal impact: health, water, green energy, safety and education.",Website URL,
FW14-e015,UAB Digital,http://ddd.uab.cat,Academic,FW14-v004,"The DDD, the UAB Digital Repository of Documents, is the tool that collects, manages, disseminates and preserves the scientific, educational and institutional production of the University. It also gathers digital documents that are part of or complement UAB libraries collections. The DDD repository shows an organized, open access and interoperable collection.",Website URL,
FW14-e016,UQ eSpace,http://espace.library.uq.edu.au,Academic,FW14-v004,"The University of Queensland's institutional repository, UQ eSpace, aims to create global visibility and accessibility of UQ’s scholarly research by: Enhancing discovery of UQ research via search engines such as Google and Trove. Allowing researchers to deposit scholarly works, datasets and open access materials and to view associated metrics. Maintaining a complete and accurate collection of all UQ scholarly works and data sets that feeds into central UQ systems including UQ Researchers and the Academic Portal. Enabling government reporting such as Australian Research Council’s Excellence in Research for Australia and the Engagement and Impact Assessment. Supporting the deposit of open access works to make UQ research globally accessible. Preserving and making digitised materials accessible to the world including HDR theses, photographs, audio materials, videos, manuscripts and other original works.",Website URL,
FW14-e017,PubMed,http://pubmed.gov,Academic,FW14-v004,PubMed is a free search engine accessing primarily the MEDLINE database of references and abstracts on life sciences and biomedical topics. The United States National Library of Medicine (NLM) at the National Institutes of Health maintain the database as part of the Entrez system of information retrieval.,Wikipedia,
FW14-e018,LastFM,http://www.last.fm/,Audio,FW14-v022,"Last.fm Limited is a music website founded in the United Kingdom in 2002. Using a music recommender system called ""Audioscrobbler"", Last.fm builds a detailed profile of each user's musical taste by recording details of the tracks the user listens to, either from Internet radio stations, or the user's computer or many portable music devices. This information is transferred (""scrobbled"") to Last.fm's database either via the music player (including, among others, Spotify, Deezer, Tidal, Qobuz, MusicBee, SoundCloud, and Anghami) or via a plug-in installed into the user's music player.",Wikipedia,
FW14-e019,LYRICSnMUSIC,http://www.lyricsnmusic.com/,Audio,FW14-v022,"The Ultimate Lyric site. 2.7 million songs - Get Lyrics, Youtube, iTunes, Band Bio, Concert dates, and Guitar Tabs all on one page.",Twitter Offical Accunt Description,Does not exist anymore
FW14-e020,Comedy Central,http://www.comedycentral.com/,Video,FW14-v002,"Comedy Central is an American adult-oriented basic cable channel owned by Paramount Global through its network division's MTV Entertainment Group unit, based in Manhattan. The channel carries comedy programming in the form of both original, licensed, and syndicated series, stand-up comedy specials, and feature films.",Wikipedia,
FW14-e021,Dailymotion,http://www.dailymotion.com/,Video,FW14-v002,"Dailymotion is a French video-sharing technology platform owned by Vivendi. North American launch partners included Vice Media, Bloomberg, and Hearst Digital Media. It is among the earliest known platforms to support HD (720p) resolution video.",Wikipedia,
FW14-e022,YouTube,http://www.youtube.com,Video,FW14-v002,"YouTube is an American online video sharing and social media platform owned by Google. Accessible worldwide, it is the second most visited website in the world, after Google Search",Wikipedia,
FW14-e023,Google Blogs,http://www.google.com/blogsearch,Blogs,FW14-v018,"Google Blog Search was a specialized service of Google used to search blogs. It was discontinued in May 2011. The Blog Search looked at various services in the world of blogs like Blogger, LiveJournal, and Weblog.",Wikipedia,
FW14-e024,LinkedIn Blog,http://blog.linkedin.com,Blogs,FW14-v018,"Your source for what's happening with LinkedI: Trust & safety, Advance your career, LinkedIn Product, Member stories, Creators, Equity, Impact",Website URL,
FW14-e025,Tumblr,http://www.tumblr.com,Blogs,FW14-v018,"Tumblr (pronounced ""tumbler"") is a microblogging and social networking website. The service allows users to post multimedia and other content to a short-form blog.",Wikipedia,
FW14-e026,WordPress,http://en.search.wordpress.com,Blogs,FW14-v018,"WordPress (also known as WP or WordPress.org) is a web content management system. It was originally created as a tool to publish blogs but has evolved to support publishing other web content, including more traditional websites, mailing lists and Internet forum, media galleries, membership sites, learning management systems and online stores.",Wikipedia,
FW14-e028,Goodreads,http://www.goodreads.com/,Books,FW14-v015,"Goodreads is an American social cataloging website and a subsidiary of Amazon that allows individuals to search its database of books, annotations, quotes, and reviews. Users can sign up and register books to generate library catalogs and reading lists. They can also create their own groups of book suggestions, surveys, polls, blogs, and discussions.",Wikipedia,
FW14-e029,Google Books,http://books.google.com,Books,FW14-v015,"Google Books (previously known as Google Book Search, Google Print, and by its code-name Project Ocean) is a service from Google that searches the full text of books and magazines that Google has scanned, converted to text using optical character recognition (OCR), and stored in its digital database. Books are provided either by publishers and authors through the Google Books Partner Program, or by Google's library partners through the Library Project.",Wikipedia,
FW14-e030,NCSU Library,http://www.lib.ncsu.edu,Academic,FW14-v004,"NCSU Libraries, ranked 38th out of 115 North American research libraries, includes 4.4 million volumes, over 50,000 print and electronic serial subscriptions, more than 20,000 videos and film holdings, and more than 40,000 digital images (as of 2011).",Wikipedia,
FW14-e032,IMDb,http://www.imdb.com,Encyclopedia,FW14-v006,"IMDb (an acronym for Internet Movie Database) is an online database of information related to films, television series, podcasts, home videos, video games, and streaming content online – including cast, production crew and personal biographies, plot summaries, trivia, ratings, and fan and critical reviews.",Wikipedia,
FW14-e033,Wikibooks,http://en.wikibooks.org,Encyclopedia,FW14-v006,Wikibooks (previously called Wikimedia Free Textbook Project and Wikimedia-Textbooks) is a wiki-based Wikimedia project hosted by the Wikimedia Foundation for the creation of free content digital textbooks and annotated texts that anyone can edit.,Wikipedia,
FW14-e034,Wikipedia,http://en.wikipedia.org,Encyclopedia,FW14-v006,"Wikipedia is a free-content online encyclopedia, written and maintained by a community of volunteers, collectively known as Wikipedians, through open collaboration and the use of wiki-based editing system MediaWiki. Wikipedia is the largest and most-read reference work in history. ",Wikipedia,
FW14-e036,Wikispecies,http://species.wikimedia.org,Encyclopedia,FW14-v006,"Wikispecies is a wiki-based online project supported by the Wikimedia Foundation. Its aim is to create a comprehensive open content catalogue of all species; the project is directed at scientists, rather than at the general public.",Wikipedia,
FW14-e037,Wiktionary,http://en.wiktionary.org,Encyclopedia,FW14-v006,"Wiktionary is a multilingual, web-based project to create a free content dictionary of terms (including words, phrases, proverbs, linguistic reconstructions, etc.) in all natural languages and in a number of artificial languages.",Wikipedia,
FW14-e038,E! Online,http://www.eonline.com,Entertainment,FW14-v020,"E! Online is the online arm of E!, featuring live updates on entertainment news stories; the website includes an online-only entertainment news bulletin titled E! News Now, which is updated each weekday. The website also provides live streaming video of major red carpet events including movie premieres and award shows such as the Academy Awards and the Emmys, along with some blogs involving shows such as The Soup. ",Wikipedia,
FW14-e039,Entertainment Weekly,http://www.ew.com/,Entertainment,FW14-v020,"Entertainment Weekly (sometimes abbreviated as EW) is an American digital-only entertainment magazine based in New York City, published by Dotdash Meredith, that covers film, television, music, Broadway theatre, books, and popular culture. Different from celebrity-focused publications such as Us Weekly, People (a sister magazine to EW), and In Touch Weekly, EW primarily concentrates on entertainment media news and critical reviews; unlike Variety and The Hollywood Reporter, which were primarily established as trade magazines aimed at industry insiders, EW targets a more general audience.",Wikipedia,
FW14-e041,TMZ,http://www.tmz.com/,Entertainment,FW14-v020,TMZ is a tabloid news organization owned by Fox Corporation. ,Wikipedia,
FW14-e043,Addicting games,http://www.addictinggames.com/,Games,FW14-v017,"Addicting Games is the largest online games site in the US. Reaching over 10 million unique users every month (comScore). We are considered founders in the casual game territory, developing and distributing innovative, irreverent, addictive online games since the early 2000s. ",Website URL,
FW14-e044,Amorgames,http://armorgames.com/,Games,FW14-v017,"Armor Games is an American video game publisher and free web gaming portal. The website hosts over a thousand HTML5 (and previously Flash) browser games. Based in Irvine, California, the site was founded in 2004 by Daniel McNeely. Armor Games primarily hosts curated HTML5/JavaScript games and MMOs, sometimes sponsoring their creation. ",Wikipedia,
FW14-e045,Crazy monkey games,http://www.crazymonkeygames.com/,Games,FW14-v017,"CrazyMonkeyGames.com was created to provide a fun, friendly, and entertaining website for everyone to enjoy. Our goal is to become your destination of choice for playing free online games.",Website URL,
FW14-e047,GameNode,http://www.gamenode.com,Games,FW14-v017,Everyday gamenode adds the newest and best free games available on the web so don't hesitate and bri,Other Sources ,Does not exist anymore/really few information online
FW14-e048,Games.com,http://games.com,Games,FW14-v017,"Discover the best free online games at AOL.com - Play board, card, casino, puzzle and many more online games while chatting with others in real-time.",Wikipedia,Became https://www.aol.com/games/
FW14-e049,Miniclip,http://www.miniclip.com/games/en/,Games,FW14-v017,Miniclip SA is a Swiss mobile game publisher and former browser game website that was first launched on 30 March 2001,Website URL,
FW14-e050,About.com,http://www.about.com/,Encyclopedia,FW14-v006,"About.com is an American digital media company based in New York City. The company publishes online articles and videos about various subjects across categories including health, home, food, finance, tech, beauty, lifestyle, travel, and education.",Wikipedia,
FW14-e052,Ask,http://www.ask.com,General,FW14-v001,"Ask.com (originally known as Ask Jeeves) is a question answering–focused e-business founded in 1996 by Garrett Gruener and David Warthen in Berkeley, California.",Wikipedia,
FW14-e055,CMU ClueWeb,http://lemurproject.org/clueweb09/,General,FW14-v001,The ClueWeb09 dataset was created to support research on information retrieval and related human language technologies. It consists of about 1 billion web pages in ten languages that were collected in January and February 2009. The dataset is used by several tracks of the TREC conference.,Website URL,
FW14-e057,Gigablast,http://www.gigablast.com,General,FW14-v001,"Gigablast was an American free and open-source web search engine and directory. The Gigablast engine provided search results to other companies at various times, including Ixquick,[10] Clusty,[11] Zuula, Snap,[12] Blingo, and Internet Archive.[13]",Wikipedia,
FW14-e062,Baidu,http://www.baidu.com,General,FW14-v001,"Baidu offers several services to locate information, products and services using Chinese-language search terms, such as, search by Chinese phonetics, advanced search, snapshots, spell checker, stock quotes, news, knows, postbar, images, video and space information, and weather, train and flight schedules and other local information. The user-agent string of Baidu search engine is Baiduspider.",Wikipedia,
FW14-e063,Centers for Disease Control and Prevention,http://www.cdc.gov/,Health,FW14-v010,"The Centers for Disease Control and Prevention (CDC) is the national public health agency of the United States. It is a United States federal agency under the Department of Health and Human Services, and is headquartered in Atlanta, Georgia. The agency's main goal is the protection of public health and safety through the control and prevention of disease, injury, and disability in the US and worldwide.",Wikipedia,
FW14-e064,Family Practice notebook,http://www.fpnotebook.com/,Health,FW14-v010,"FPnotebook.com is a rapid access, point-of-care medical reference for primary care and emergency clinicians.",Website URL,
FW14-e065,Health Finder,http://www.healthfinder.gov/,Health,FW14-v010,A patient sits and reviews information with their health care provider. Make sure your family is up to date on preventive services.,Google snippet,
FW14-e066,HealthCentral,http://www.healthcentral.com/,Health,FW14-v010,"At HealthCentral, our goal is to help you create your healthiest life, whatever that means in this moment. Anchored at the intersection of science and community, we provide a perspective so often missing in health information: the warmth of a friend, the authority of trusted experts, and a clear-eyed understanding of the facts. Through real-life advice, medically vetted articles, and inspirational stories, we help you make informed decisions about your care with confidence—not fear—so you can continue to live your best life, whatever that means for you.",Website URL,
FW14-e067,HealthLine,http://www.healthline.com/,Health,FW14-v010,"Healthline Media runs healthline.com, which publishes health and wellness information. It also has provided health content to third party websites. In 2010, Healthline Media signed an agreement to provide medical and health-related content to Yahoo! Health.",Wikipedia,
FW14-e068,Healthlinks.net,http://www.healthlinks.net/,Health,FW14-v010,"At Healthlinks.net we’re here to help you find an appointment with a local health provider. Most providers don’t answer their phones outside of regular business hours, it can be impossible to get ahold of them when you with your busy schedule actually have time to call.We’re here to fill that gap by providing services that help you connect and get an appointment with a health care provider when it’s best for you.",Website URL,
FW14-e070,Mayo Clinic,http://www.mayoclinic.org/,Health,FW14-v010,"Mayo Clinic (/ˈmeɪjoʊ/) is a nonprofit American academic medical center focused on integrated health care, education, and research. he practice specializes in treating difficult cases through tertiary care and destination medicine.",Wikipedia,
FW14-e071,MedicineNet,http://www.medicinenet.com/,Health,FW14-v010,"MedicineNet is an American healthcare information website launched in 1996. The website provides a medical dictionary and information about diseases, conditions, medications and general health. In partnership with Veritas Medicine, it connects site users with appropriate clinical trials. For those seeking general information, MedicineNet (www.medicinenet.com) is an extensive site from Information Network that provides a medical dictionary; databases on pharmaceuticals and their side effects, and diseases and treatments. In the ""ask the experts,"" section you can query online physicians.",Wikipedia,
FW14-e072,MedlinePlus,http://www.nlm.nih.gov/medlineplus/,Health,FW14-v010,"MedlinePlus is an online information service produced by the United States National Library of Medicine. The service provides curated consumer health information in English and Spanish with select content in additional languages. The site brings together information from the National Library of Medicine (NLM), the National Institutes of Health (NIH), other U.S. government agencies, and health-related organizations. MedlinePlus provides encyclopedic information on health and drug issues, and provides a directory of medical services. MedlinePlus Connect links patients or providers in electronic health record (EHR) systems to related MedlinePlus information on conditions or medications.",Wikipedia,
FW14-e075,University of Iowa hospitals and clinics,http://www.uihealthcare.org/,Health,FW14-v010,University of Iowa Hospitals & Clinics (UIHC) is an 811-bed public teaching hospital and level 1 trauma center affiliated with the University of Iowa. ,Wikipedia,
FW14-e076,WebMD,http://www.webmd.com/,Health,FW14-v010,WebMD is an American corporation which publishes online news and information about human health and well-being. The WebMD website also includes information about drugs and is an important healthcare information website and the most popular consumer-oriented health site. ,Wikipedia,
FW14-e077,Glassdoor,http://www.glassdoor.com/,Jobs,FW14-v003,Glassdoor is an American website where current and former employees anonymously review companies.,Wikipedia,
FW14-e078,Jobsite,http://www.jobsite.co.uk,Jobs,FW14-v003,"Totaljobs is one of the leading brands of the Stepstone Group UK Limited. You might be looking to earn more money, or to gain more experience; you might want a better commute, or need to work from home. Or maybe you’re between jobs. As the UK’s largest hiring platform, we have over 280,000 live jobs adverts on our site, helping you to find any type of job, in any industry, wherever you are based.",Website URL,
FW14-e079,LinkedIn Jobs,http://www.linkedin.com,Jobs,FW14-v003,"The Search bar is at the top of any LinkedIn page you’re viewing, and it allows you to search for people, jobs, companies, posts, and more.",Website URL,
FW14-e080,Simply Hired,http://www.simplyhired.com,Jobs,FW14-v003,Simply Hired is an employment website utilizing desktop and mobile application for an online recruitment advertising network. The company aggregates job listings from thousands of websites and job boards. It then advertises those jobs on its website and mobile app. Employers can gain premium placement in the listings by advertising in a pay-per-click (PPC) model.,Wikipedia,
FW14-e081,USAJobs,http://www.usajobs.gov,Jobs,FW14-v003,USAJobs (styled USAJOBS) is the United States Government's website for listing civil service job opportunities with federal agencies. Federal agencies use USAJOBS to host job openings and match qualified applicants to those jobs. USAJOBS serves as the central place to find opportunities in hundreds of federal agencies and organizations. ,Wikipedia,
FW14-e082,Comedy Central Jokes.com,http://www.jokes.com/,Jokes,FW14-v019,"Comedy Central is an American adult-oriented basic cable channel owned by Paramount Global through its network division's MTV Entertainment Group unit. The channel carries comedy programming in the form of both original, licensed, and syndicated series, stand-up comedy specials, and feature films.",Wikipedia,
FW14-e083,Kickass jokes,http://kickasshumor.com/search/,Jokes,FW14-v019,"There's a lot of bad joke sites out on the world wide web. I wanted to create something that many other joke websites don't know anything about. Simplicity. Kickass Humor has an intuitive design that lets users view, rate, and sort jokes fast without cluttering your face with ads. The community manages the jokes on the website. Jokes get deleted if they don't have enough votes. Admins don't delete good jokes.",Website URL,
FW14-e085,Cartoon Network,http://www.cartoonnetwork.com/,Kids,FW14-v011,"Cartoon Network (often abbreviated as CN) is an American cable television channel owned by Warner Bros. Discovery. It is a part of The Cartoon Network, Inc., a division that also has the broadcasting and production activities of Boomerang, Cartoonito, Adult Swim, and Toonami under its purview. The channel primarily broadcasts animated television series, mostly children's programming, ranging from action to animated comedy.",Wikipedia,
FW14-e086,Disney Family,http://family.go.com,Kids,FW14-v011,The Walt Disney Co. is launching a new Web site aimed at moms who are increasingly turning to the Internet for answers to everything from problems with teething babies to financing college.,Other Sources ,Does not exist anymore https://www.nbcnews.com/id/wbna17591279
FW14-e087,Factmonster,http://www.factmonster.com/,Kids,FW14-v011,"Fact Monster is an educational technology website geared towards children. The website contains facts on thousands of subjects, including sports, entertainment, geography, history, biography, education, and health.",Wikipedia,
FW14-e088,Kidrex,http://www.kidrex.org/,Kids,FW14-v011,"KidRex.org is a visual child-safe search engine powered by Google Programmable Search Engine. The website utilizes Google SafeSearch and maintains its own database of inappropriate websites and keywords. Additionally, social media websites are blocked by KidRex.",Wikipedia,
FW14-e089,KidsClicks!,http://kidsclick.org/,Kids,FW14-v011,"KidsClick is a former daily children's programming block distributed by Sinclair Broadcast Group. The block, which primarily consisted of long-form animated series as well as some short-form content, was carried in the U.S. on terrestrial television network TBD, and on Sinclair-owned/operated television stations in several markets.",Wikipedia,
FW14-e090,Nick jr,http://www.nickjr.com/,Kids,FW14-v011,"Nick Jr. (sometimes disambiguated as Nick Jr. on Nickelodeon or Nick Jr. on Nick) is an American morning programming block that airs on Nickelodeon every weekday. It was launched on January 4, 1988. Nick Jr. features a lineup of shows aimed at children aged 2-6. ",Wikipedia,
FW14-e092,OER Commons,http://www.oercommons.org,Encyclopedia,FW14-v006,OER Commons (OER for open educational resources) is a freely accessible online library that allows teachers and others to search and discover open educational resources (OER) and other freely available instructional materials.,Wikipedia,
FW14-e093,Quintura Kids,http://affiliates.quintura.com/mainkids/,Kids,FW14-v011,"Quintura Kids is the first visual search engine for children. Dynamic tag cloud changing upon your request, safe search among hand-picked websites.",Twitter Offical Accunt Description,Does not exist anymore
FW14-e095,Foursquare,https://foursquare.com/,Local,FW14-v024,"Foursquare Labs Inc., commonly known as Foursquare, is a geolocation technology company and data cloud platform based in the United States. the company rose to prominence with the launch of its local search-and-discovery mobile app. The app, Foursquare City Guide, popularized the concept of real-time location sharing and checking-in. Alongside additions and iterations to its consumer apps, the company also began to create products that leverage the location data collected via billions of check-ins.",Wikipedia,
FW14-e098,BBC,http://www.bbc.co.uk,News,FW14-v013,The British Broadcasting Corporation (BBC) is a British public service broadcaster headquartered at Broadcasting House in London.  ,Wikipedia,
FW14-e100,Chronicling America,http://chroniclingamerica.loc.gov/,News,FW14-v013,"Chronicling America is an open access, open source newspaper database and companion website. ",Wikipedia,
FW14-e101,CNN,http://www.cnn.com,News,FW14-v013,"The Cable News Network (CNN) is a multinational news channel and website headquartered in Atlanta, Georgia, U.S. ",Wikipedia,
FW14-e102,Forbes,http://www.forbes.com/search/,News,FW14-v013,"Forbes is an American business magazine founded by B.C. Forbes in 1917 and owned by Hong Kong-based investment group Integrated Whale Media Investments since 2014. Published eight times a year, Forbes features articles on finance, industry, investing, and marketing topics. It also reports on related subjects such as technology, communications, science, politics, and law. It has an international edition in Asia as well as editions produced under license in 27 countries and regions worldwide. The magazine is known for its lists and rankings, including of the richest Americans (the Forbes 400), the 30 most notable young people under the age of 30 (Forbes 30 under 30), America's Wealthiest Celebrities, the world's top companies (the Forbes Global 2000), Forbes list of the World's Most Powerful People, and The World's Billionaires. The motto of Forbes magazine is ""Change the World""",Wikipedia,
FW14-e104,JSOnline,http://www.jsonline.com/,News,FW14-v013,"The Milwaukee Journal Sentinel is a daily morning broadsheet printed in Milwaukee, Wisconsin, where it is the primary newspaper and also the largest newspaper in the state of Wisconsin, where it is widely read.",Wikipedia,
FW14-e106,Slate,http://www.slate.com,News,FW14-v013,"Slate is an online magazine that covers current affairs, politics, and culture in the United States. Slate, which is updated throughout the day, covers politics, arts and culture, sports, and news.",Wikipedia,
FW14-e108,The Street,http://www.thestreet.com/,News,FW14-v013,"TheStreet is a financial news and financial literacy website. The company provides both free content and subscription services such as Action Alerts Plus, a stock recommendation portfolio co-managed by Bob Lang and Chris Versace.",Wikipedia,
FW14-e109,Washington post,http://www.washingtonpost.com/,News,FW14-v013,"The Washington Post, also known as the Post and, informally, WaPo, is an American daily newspaper published in Washington, D.C. It is the most widely circulated newspaper in the Washington metropolitan area and has a national audience.",Wikipedia,
FW14-e110,HNSearch,http://www.hnsearch.com/,Shopping,FW14-v008,HN Search provides real-time full-text search for the HackerNews community site. ,Website URL,
FW14-e111,Slashdot,http://slashdot.org,News,FW14-v013,"Slashdot is a social news website that originally billed itself as ""News for Nerds. Stuff that Matters"". It features news stories on science, technology, and politics that are submitted and evaluated by site users and editors. Each story has a comments section where users can add online comments.",Wikipedia,
FW14-e112,The Register,http://search.theregister.co.uk,News,FW14-v013,The Register is a British technology news website. The publication's primary focus is information technology news and opinions.,Wikipedia,
FW14-e113,DeviantArt,http://browse.deviantart.com,Photo/Pictures,FW14-v005,"DeviantArt (historically stylized as deviantART) is an online art community that features artwork, videography and photography. ",Wikipedia,
FW14-e114,Flickr,http://www.flickr.com,Photo/Pictures,FW14-v005,"Flickr is an image hosting and video hosting service, as well as an online community, founded in Canada and headquartered in the United States. It was created by Ludicorp in 2004 and was previously a common way for amateur and professional photographers to host high-resolution photos.",Wikipedia,
FW14-e115,Fotolia,http://www.fotolia.com,Photo/Pictures,FW14-v005,"Adobe Inc formerly Adobe Systems Incorporated, is an American multinational computer software company incorporated in Delaware.  It has historically specialized in software for the creation and publication of a wide range of content, including graphics, photography, illustration, animation, multimedia/video, motion pictures, and print.",Wikipedia,
FW14-e117,Getty Images,http://www.gettyimages.com,Photo/Pictures,FW14-v005,"Getty Images Holdings, Inc. is an American visual media company and supplier of stock images, editorial photography, video, and music for business and consumers, with a library of over 477 million assets. It targets three markets—creative professionals (advertising and graphic design), the media (print and online publishing), and corporate (in-house design, marketing and communication departments).",Wikipedia,
FW14-e118,IconFinder,http://www.iconfinder.com/,Photo/Pictures,FW14-v005,Iconfinder is a web company whose main product is a search engine for icons. ,Wikipedia,
FW14-e119,NYPL Gallery,http://digitalgallery.nypl.org,Photo/Pictures,FW14-v005,"The New York Public Library has provided essential access to books and information for more than a century. Today, we are building on that legacy by increasing access to our collections physically and online, and by transforming our libraries into proactive centers of education and opportunity for all New Yorkers. Explore 870,971 items digitized from The New York Public Library's collections. This site is a living database with new materials added every day, featuring prints, photographs, maps, manuscripts, streaming video, and more.",Website URL,
FW14-e120,OpenClipArt,http://openclipart.org,Photo/Pictures,FW14-v005,"Openclipart, also called Open Clip Art Library, is an online media repository of free-content vector clip art. The project hosts over 160,000 free graphics and has billed itself as ""the largest community of artists making the best free original clipart for you to use for absolutely any reason"".",Wikipedia,
FW14-e121,Photobucket,http://photobucket.com,Photo/Pictures,FW14-v005,"Photobucket is an American image hosting and video hosting website, web services suite, and online community. Photobucket once hosted more than 10 billion images from 100 million registered members. Links from personal Photobucket accounts were often used for avatars displayed on Internet forums, storage of videos, embedding on blogs, and distribution in social networks. Images hosted on Photobucket were frequently linked to online businesses, online auctions, and classified advertisement websites like eBay and Craigslist.",Wikipedia,
FW14-e122,Picasa,http://picasaweb.google.com/lh/explore,Photo/Pictures,FW14-v005,"Picasa was a cross-platform image organizer and image viewer for organizing and editing digital photos, integrated with a now defunct photo-sharing website, originally created by a company named Lifescape.",Wikipedia,
FW14-e123,Picsearch,http://www.picsearch.com/,Photo/Pictures,FW14-v005,"Picsearch was a Swedish company which developed and provided image search services for large websites. The image search services developed by Picsearch power several major Internet companies, such as Lycos. Customers outside the sphere of search portals included telecoms, entertainment sites, e-commerce, sport websites, yellow pages and communities.",Wikipedia,
FW14-e124,Wikimedia,http://commons.wikimedia.org,Photo/Pictures,FW14-v005,"Wikimedia Commons (or simply Wiki Commons) is a media repository of free-to-use images, sounds, videos and other media. Files from Wikimedia Commons can be used across all of the Wikimedia projects in all languages, including Wikipedia, Wikivoyage, Wikisource, Wikiquote, Wiktionary, Wikinews, Wikibooks, and Wikispecies, or downloaded for offsite use.",Wikipedia,
FW14-e126,Funny or Die,http://www.funnyordie.com,Video,FW14-v002,"Funny or Die is a comedy video website and film/television production company. The website contained exclusive material from a regular staff of in-house writers, producers and directors, and occasionally from a number of famous contributors including Judd Apatow, James Franco and Norm Macdonald. The associated production company continues to make TV shows including truTV's Billy on the Street, Comedy Central's @midnight and Zach Galifianakis' web series Between Two Ferns.",Wikipedia,
FW14-e127,4Shared,http://search.4shared.com,General,FW14-v001,"4shared, also known as 4shared.com, is a file-sharing website. ",Wikipedia,
FW14-e128,AllExperts,http://www.allexperts.com/,Q&A,FW14-v021,"Welcome to our exploration of Allexperts.com, an incredible platform that has been revolutionizing the way we seek and share knowledge. Allexperts.com holds the record as the oldest, largest, and most diverse Q&A service on the internet. This platform allows users from various backgrounds to ask questions to expert volunteers who specialize in different areas, hence fostering a culture of learning and collaboration. Whether you’re looking for advice on home improvement, seeking answers to complex scientific questions, or are simply curious about an obscure topic, Allexperts.com is the place for you. So let’s dive in and uncover the myriad of possibilities this platform offers.",https://durofy.com/allexperts-com-best-place-to-find-free-expert-advice/,Does not exist anymore
FW14-e129,Answers.com,http://wiki.answers.com,Q&A,FW14-v021,"Answers.com, formerly known as WikiAnswers, is an Internet-based knowledge exchange. The website is now the primary product of the Answers Corporation. It has tens of millions of user-generated questions and answers, and provides a website where registered users can interact with one another.",Wikipedia,
FW14-e130,Chacha,http://www.chacha.com/,Q&A,FW14-v021,"ChaCha was an American human-guided search engine that provided free, real-time answers to any question, through its website, or by using one of the company's mobile apps. ",Wikipedia,
FW14-e131,StackOverflow,http://stackoverflow.com,Q&A,FW14-v021,"Stack Overflow is a question-and-answer website for computer programmers. It is the flagship site of the Stack Exchange Network. It was created to be a more open alternative to earlier question and answer websites such as Experts-Exchange. The website serves as a platform for users to ask and answer questions, and, through membership and active participation, to vote questions and answers up or down similar to Reddit and edit questions and answers in a fashion similar to a wiki. Based on the type of tags assigned to questions, the top eight most discussed topics on the site are: JavaScript, Java, C#, PHP, Android, Python, jQuery, and HTML.",Wikipedia,
FW14-e132,Yahoo Answers,http://answers.yahoo.com,Q&A,FW14-v021,"Yahoo! Answers was a community-driven question-and-answer (Q&A) website or knowledge market owned by Yahoo! where users would ask questions and answer those submitted by others, and upvote them to increase their visibility. Questions were organised into categories with multiple sub-categories under each to cover every topic users may ask questions on, such as beauty, business, finance, cars, electronics, entertainment, games, gardening, science, news, politics, parenting, pregnancy, and travel.",Wikipedia,
FW14-e133,MetaOptimize,http://metaoptimize.com/qa/,Q&A,FW14-v021,"The MetaOptimize site has a nice StackOverflow-style question & answer community dedicated to machine learning, data mining, natural language processing and the like. It seems to have gotten off to a nice start. Here, you can enquire about things like the best freely available machine learning textbooks or how to set up Hadoop on your office machine, or more technical details such as whether subsampling biases the ROC-AUC score.",Wordpress,Does not exist anymore
FW14-e134,HowStuffWorks,http://www.howstuffworks.com/,Encyclopedia,FW14-v006,"HowStuffWorks is an American commercial infotainment website to provide its target audience an insight into the way many things work. The site uses various media to explain complex concepts, terminology, and mechanisms—including photographs, diagrams, videos, animations, and articles.",Wikipedia,
FW14-e135,AllRecipes,http://allrecipes.com,Recipes,FW14-v012,"Allrecipes.com, Inc. is a food-focused online social networking service. ",Wikipedia,
FW14-e136,Cooking.com,http://www.cooking.com/recipes-and-more,Recipes,FW14-v012,Explore our popular recipes! Find recipes with our new and improved searchboxes - now with helpful suggestions! Lookup Cooking Times for most meats and cuts!,Google snippet,
FW14-e137,Food Network,http://www.foodnetwork.com/,Recipes,FW14-v012,"Food Network is an American basic cable channel owned by Television Food Network, G.P. The channel airs both special and regular episodic programs about food and cooking. ",Wikipedia,
FW14-e138,Food.com,http://www.food.com/,Recipes,FW14-v012,"Food.com is a digital brand and online social networking service featuring recipes from home cooks and celebrity chefs, food news, new and classic shows, and pop culture. Food.com was launched in September 2017 and offers recipe, photo, articles, and video content on the web as well as video streaming and smartphone apps.",Wikipedia,
FW14-e139,Meals.com,http://www.meals.com/,Recipes,FW14-v012,"Browse our recipes to find something simple for you, but exciting for the family, and learn more about the brands you know and love.",,became goodnes.com
FW14-e140,Amazon,http://www.amazon.com,Shopping,FW14-v008,"Amazon.com, Inc. is an American multinational technology company focusing on e-commerce, cloud computing, online advertising, digital streaming, and artificial intelligence. Amazon product lines include (bookss, DVDs, music CDs, videotapes, and software), apparel, baby products, consumer electronics, beauty products, gourmet food, groceries, health and personal-care items, industrial and scientific supplies, kitchen items, jewelry and watches, lawn and garden items, musical instruments, sporting goods, tools, automotive items and toys/games.it contain 350 millions of products.",Wikipedia,
FW14-e141,ASOS,http://www.asos.com/,Shopping,FW14-v008,"ASOS plc is a British online fashion and cosmetic retailer. The company was founded in 2000 in London, primarily aimed at young adults. The website sells over 850 brands as well as its own range of clothing and accessories, and ships to all 196 countries from fulfilment centres in the United Kingdom, the United States, and Europe.",Wikipedia,
FW14-e142,Craigslist,http://www.craigslist.org/,Shopping,FW14-v008,"Craigslist (stylized as craigslist) is a privately held American company operating a classified advertisements website with sections devoted to jobs, housing, for sale, items wanted, services, community service, gigs, résumés, and discussion forums.",Wikipedia,
FW14-e143,eBay,http://www.ebay.com,Shopping,FW14-v008,"eBay Inc. is an American multinational e-commerce company based in San Jose, California, that brokers customer to customer and retail sales through online marketplaces in 190 markets worldwide. eBay is used by individuals, companies, as well as governments to purchase and sell almost any legal, non-controversial item. ",Wikipedia,
FW14-e144,Overstock,http://www.overstock.com/,Shopping,FW14-v008,"Overstock, excessive stock, or excess inventory arise when there is more than the ""right quantity"" of goods available for sale, or when ""the potential sales value of excess stock, less the expected storage costs, does not match the salvage value"". When referring to overstock merchandise in the form of consumer goods in a retail operation, the term refers to goods that have never been purchased by a customer but that are considered excessive stock from shelves and/or warehouses. Excessive stock is typically discarded of in the following ways: returned to the manufacturer or original distributor; liquidated to companies that then resell it on the secondary wholesale or retail market; sold at an extreme discount to existing customers; or sold to salvage companies which then process metals and components of value.",Wikipedia,
FW14-e145,Powell's,http://www.powells.com,Shopping,FW14-v008,"Powell's Books is a chain of bookstores.  The inventory for its retail and online sales is over four million new, used, rare, and out-of-print books.",Wikipedia,
FW14-e146,Pronto,http://www.pronto.com/,Shopping,FW14-v008,"Pronto.com is a price comparison service and a division of Barry Diller's company, IAC. In 2007, IAC redesigned Pronto.com, to incorporate social networking into the purchase of goods ranging from clothes, sports equipment and electronics. ",Wikipedia,
FW14-e147,Target,http://www.target.com/,Shopping,FW14-v008,"Target Corporation is an American retail corporation that operates a chain of discount department stores and hypermarkets, headquartered in Minneapolis, Minnesota.. Target.com owns and oversees the company's e-commerce initiatives, such as the Target.com domain. Founded in early 2000 as target.direct, ",Wikipedia,
FW14-e148,Yahoo! Shopping,http://shopping.yahoo.com/,Shopping,FW14-v008,"Discover deals, product reviews, and compare prices on your favorite items. Plus, shop stores like Walmart, Nordstrom Rack, Amazon and more.",Google snippet,
FW14-e152,Myspace,http://api.myspace.com,Social,FW14-v014,"Myspace (formerly stylized as MySpace) is a social networking service based in the United States. Launched on August 1, 2003, the site was the first social network to reach a global audience and had a significant influence on technology, pop culture and music. From 2005 to 2009, Myspace was the largest social networking site in the world.",Wikipedia,
FW14-e153,Reddit,http://www.reddit.com/,Social,FW14-v014,"Reddit (/ˈrɛdɪt/) is an American social news aggregation, content rating, and discussion website. Registered users (commonly referred to as ""Redditors"") submit content to the site such as links, text posts, images, and videos, which are then voted up or down by other members.  ",Wikipedia,
FW14-e154,Tweepz,http://tweepz.com,Social,FW14-v014,Tweepz helps you discover interesting people on twitter,Twitter Offical Accunt Description,The website looks like upgrading for a long time already
FW14-e156,Cnet,http://download.cnet.com,Software,FW14-v023,"CNET Download (originally Download.com) is an Internet download directory website launched in 1996 as a part of CNET. The offered content is available in four major categories: software (including Windows, Mac and mobile), music, games, and videos, offered for download via FTP from Download.com's servers or third-party servers. Videos are streams (at present) and music was all free MP3 downloads, or occasionally rights-managed WMAs or streams until it was replaced with last.fm.",Wikipedia,
FW14-e157,GitHub,http://github.com/search,Software,FW14-v023,"GitHub, Inc. is an AI-powered developer platform that allows developers to create, store, and manage their code. It uses Git software, providing the distributed version control of Git plus access control, bug tracking, software feature requests, task management, continuous integration, and wikis for every project. It is commonly used to host open source software development projects.",Wikipedia,
FW14-e158,SourceForge,http://sourceforge.net,Software,FW14-v023,"SourceForge is a web service that offers software consumers a centralized online location to control and manage open-source software projects and research business software. It provides source code repository hosting, bug tracking, mirroring of downloads for load balancing, a wiki for documentation, developer and user mailing lists, user-support forums, user-written reviews and ratings, a news bulletin, micro-blog for publishing project updates, and other features.",Wikipedia,
FW14-e159,bleacher report,http://bleacherreport.com/,Sports,FW14-v016,Bleacher Report is a website that focuses on sport and sports culture. ,Wikipedia,
FW14-e160,ESPN,http://search.espn.go.com,Sports,FW14-v016,ESPN is an American international basic cable sports channel. ,Wikipedia,
FW14-e161,Fox Sports,http://multimedia.foxsports.com,Sports,FW14-v016,"Fox Sports is the brand name for a number of sports channels, broadcast divisions, programming, and other media around the world.",Wikipedia,
FW14-e163,NHL,http://www.nhl.com/,Sports,FW14-v016,"The National Hockey League is a professional ice hockey league in North America comprising 32 teams—25 in the United States and 7 in Canada. The NHL is one of the major professional sports leagues in the United States and Canada and is considered to be the top ranked professional ice hockey league in the world,[6] with players from 17 countries as of the 2023–24 season.",Wikipedia,
FW14-e164,SB nation,http://www.sbnation.com/,Sports,FW14-v016,"SB Nation is a sports blogging network owned by Vox Media. The blog from which the network formed was started by Bleszinski as Athletics Nation in 2003, and focused solely on the Oakland Athletics. It has since expanded to cover sports franchises on a national scale, including all Major League Baseball, National Basketball Association, and National Football League teams, as well as college teams, mixed martial arts and professional wrestling, totaling over 300 community sites.",Wikipedia,
FW14-e165,Sporting news,http://aol.sportingnews.com/,Sports,FW14-v016,"The Sporting News is a website and former magazine publication owned by Sporting News Holdings, which is a U.S.-based sports media company formed in December 2020 by a private investor consortium. It was originally established in 1886 as a print magazine. It became the dominant American publication covering baseball, acquiring the nickname ""The Bible of Baseball"".",Wikipedia,
FW14-e166,WWE,http://www.wwe.com/,Sports,FW14-v016,"World Wrestling Entertainment (WWE) is an American professional wrestling promotion. WWE is the largest wrestling promotion in the world. Its main roster is divided into two brands, Raw and SmackDown, along with a developmental roster, NXT, based in the WWE Performance Center in Orlando, Florida. Overall, WWE is available in more than one billion homes worldwide in 30 languages.",Wikipedia,
FW14-e167,Ars Technica,http://arstechnica.com/,Tech,FW14-v009,"Ars Technica is a website covering news and opinions in technology, science, politics, and society, created by Ken Fisher and Jon Stokes in 1998. It publishes news, reviews, and guides on issues such as computer hardware and software, science, technology policy, and video games.",Wikipedia,
FW14-e168,CNET,http://www.cnet.com/,Tech,FW14-v009,"CNET is an American media website that publishes reviews, news, articles, blogs, podcasts, and videos on technology and consumer electronics globally. CNET originally produced content for radio and television in addition to its website before applying new media distribution methods through its internet television network, CNET Video, and its podcast and blog networks.",Wikipedia,
FW14-e169,Technet,http://social.technet.microsoft.com,Tech,FW14-v009,"Microsoft TechNet was a Microsoft web portal and web service for IT professionals. It included a library containing documentation and technical resources for Microsoft products, a learning center providing online training, discussion forums, an evaluation center for downloading trialware, blogs for Microsoft employees and a wiki.",Wikipedia,
FW14-e170,Technorati,http://www.technorati.com,Tech,FW14-v009,Technorati was a search engine and a publisher advertising platform that served as an advertising solution for the thousands of websites in its network. The company's core product was previously an Internet search engine for searching blogs.,Wikipedia,
FW14-e171,TechRepublic,http://www.techrepublic.com,Tech,FW14-v009,"TechRepublic is an online trade publication and social community for IT professionals, providing advice on best practices and tools for the needs of IT decision-makers.[1][2]",Wikipedia,
FW14-e172,TripAdvisor,http://www.tripadvisor.com/,Travel,FW14-v007,"Tripadvisor, Inc. is an American company that operates online travel agencies, comparison shopping websites, and mobile apps with user-generated content.[1] ",Wikipedia,
FW14-e173,Wiki Travel,http://wikitravel.org/en/Main_Page,Travel,FW14-v007,"Wikitravel is a project to create a free, complete, up-to-date and reliable world-wide travel guide. It is built in collaboration by Wikitravellers from around the globe. Wikitravel is built with the spirit of sharing knowledge that makes travel so enjoyable. Whenever travellers meet each other on the road, they swap info about the places they came from and ask questions about places they're going. We want to make it easy to share that knowledge and let others share it; our copyleft license means that the facts you know can spread far and wide.",Website URL,
FW14-e174,5min.com,http://www.5min.com,Video,FW14-v002,"5min.com is a website with more than 200,000 short instrumental, knowledge, and lifestyle videos from leading independent producers and media companies. ",Other sources,Does not exist anymore https://www.videoproc.com/resource/what-happened-to-5min.htm
FW14-e175,AOL Video,http://www.aol.com,General,FW14-v001,"AOL is an American web portal and online service provider. AOL Video, which featured professional content and allowed users to upload videos.",Wikipedia,
FW14-e176,Google Videos,http://www.google.com/videohp,Video,FW14-v002,Google Search is a search engine owned and operated by Google. Google Videos allows searching the World Wide Web for video clips. ,Wikipedia,
FW14-e178,MeFeedia,http://www.mefeedia.com,Video,FW14-v002,"MeFeedia.com is a media search website founded in 2004 that features videos, TV shows, movies, and music among other material.",Wikipedia,
FW14-e179,Metacafe,http://www.metacafe.com,Video,FW14-v002,"Metacafe was an Israeli video-sharing website, launched in July 2003. ",Wikipedia,
FW14-e181,National geographic,http://www.nationalgeographic.com/,General,FW14-v001,"National Geographic sometimes branded as NAT is an American monthly magazine published by National Geographic Partners. The magazine was founded in 1888 as a scholarly journal, nine months after the establishment of the society, but is now a popular magazine. Topics of features generally concern geography, history, nature, science, and world culture. ",Wikipedia,
FW14-e182,Veoh,http://www.veoh.com/,Video,FW14-v002,"Veoh is an American video-sharing website, launched in September 2005. It was originally launched as a virtual television network application, and then became a video-sharing website in March 2006. ",Wikipedia,
FW14-e184,Vimeo,http://vimeo.com,Video,FW14-v002,"Vimeo, Inc. is an American video hosting, sharing, and services platform provider. Vimeo focuses on the delivery of high-definition video across a range of devices.",Wikipedia,
FW14-e185,Yahoo Screen,http://screen.yahoo.com,Video,FW14-v002,"Yahoo! Screen, placing a larger focus on original content and web series. Created for the service were the series Burning Love, Electric City, Ghost Ghirls, Losing It with John Stamos, Sin City Saints, and Other Space. Yahoo! Screen also acquired the sitcom Community for an additional season, following its cancellation after the fifth season on NBC. ",Wikipedia,
FW14-e200,BigWeb,no url,General,FW14-v001,"To prevent a bias towards large general web search engines, we merged the results from a number of large web search engines into the ‘BigWeb’ search engine. A query for this engine was sent randomly to one of the large web search engines.",Overview Paper,